srcip,dstip,proto,service,state,spkts,dpkts,sbytes,dbytes,dur,proto_raw,service_raw,state_raw,cluster,is_anomaly,pca1,pca2,anomaly_reason
192.168.1.2,10.0.0.5,-0.7071067811865475,0.0,0.7071067811865476,1.1355499479153375,1.0690449676496976,-0.11624763874381917,-0.054392829322042216,0.0,tcp,ftp,SF,-1,1,-1.2966661830665005,1.3294584349104692,Multi-dimensional outlier (minor deviation across multiple features)
192.168.1.3,10.0.0.9,1.4142135623730951,-1.224744871391589,-1.414213562373095,-1.2977713690461004,-1.3363062095621219,-1.1624763874381927,-1.1966422450849266,0.0,udp,dns,INT,-1,1,3.422535991573219,-0.19868621615310864,Multi-dimensional outlier (minor deviation across multiple features)
192.168.1.4,10.0.0.8,-0.7071067811865475,1.224744871391589,0.7071067811865476,0.16222142113076238,0.2672612419124244,1.2787240261820123,1.2510350744069685,0.0,tcp,http,SF,-1,1,-2.1258698085067205,-1.1307722187573612,Multi-dimensional outlier (minor deviation across multiple features)
